Campaign,Ad Group,Keyword,Match Type
[Pesquisa] Ecobraz — Coletas B2B,Lixo eletrônico — Empresas,coleta de lixo eletrônico para empresas,Exact
[Pesquisa] Ecobraz — Coletas B2B,Lixo eletrônico — Empresas,coleta de lixo eletrônico empresas,Exact
[Pesquisa] Ecobraz — Coletas B2B,Lixo eletrônico — Empresas,coleta de lixo eletrônico,Phrase
[Pesquisa] Ecobraz — Coletas B2B,Lixo eletrônico — Empresas,descarte de lixo eletrônico empresa,Phrase
[Pesquisa] Ecobraz — Coletas B2B,Lixo eletrônico — Empresas,descarte de lixo eletrônico,Phrase
[Pesquisa] Ecobraz — Coletas B2B,Lixo eletrônico — Empresas,empresa de coleta de lixo eletrônico,Phrase
[Pesquisa] Ecobraz — Coletas B2B,Lixo eletrônico — Empresas,empresa que recolhe lixo eletrônico,Phrase
[Pesquisa] Ecobraz — Coletas B2B,Lixo eletrônico — Empresas,coleta de resíduos eletrônicos,Phrase
[Pesquisa] Ecobraz — Coletas B2B,Lixo eletrônico — Empresas,descarte de resíduos eletrônicos,Phrase
[Pesquisa] Ecobraz — Coletas B2B,Lixo eletrônico — Empresas,recolhimento de lixo eletrônico,Phrase
[Pesquisa] Ecobraz — Coletas B2B,Lixo eletrônico — Empresas,descarte de eletrônicos para empresas,Phrase
[Pesquisa] Ecobraz — Coletas B2B,Lixo eletrônico — Empresas,coleta de sucata eletrônica,Phrase
[Pesquisa] Ecobraz — Coletas B2B,Lixo eletrônico — Empresas,descarte de equipamentos eletrônicos,Phrase
[Pesquisa] Ecobraz — Coletas B2B,Ativos de TI desmobilizados,descarte de ativos de ti,Phrase
[Pesquisa] Ecobraz — Coletas B2B,Ativos de TI desmobilizados,descarte de computadores,Phrase
[Pesquisa] Ecobraz — Coletas B2B,Ativos de TI desmobilizados,descarte de computadores empresas,Phrase
[Pesquisa] Ecobraz — Coletas B2B,Ativos de TI desmobilizados,coleta de computadores usados,Phrase
[Pesquisa] Ecobraz — Coletas B2B,Ativos de TI desmobilizados,descarte de notebooks,Phrase
[Pesquisa] Ecobraz — Coletas B2B,Ativos de TI desmobilizados,desmobilização de ativos de ti,Phrase
[Pesquisa] Ecobraz — Coletas B2B,Ativos de TI desmobilizados,descarte de equipamentos de informática,Phrase
[Pesquisa] Ecobraz — Coletas B2B,Ativos de TI desmobilizados,coleta de equipamentos de informática,Phrase
[Pesquisa] Ecobraz — Coletas B2B,Ativos de TI desmobilizados,descarte de impressoras,Phrase
[Pesquisa] Ecobraz — Coletas B2B,Ativos de TI desmobilizados,descarte corporativo de ti,Phrase
[Pesquisa] Ecobraz — Coletas B2B,Sanitização de dados,sanitização de dados,Exact
[Pesquisa] Ecobraz — Coletas B2B,Sanitização de dados,sanitização de dados,Phrase
[Pesquisa] Ecobraz — Coletas B2B,Sanitização de dados,sanitização de mídias,Phrase
[Pesquisa] Ecobraz — Coletas B2B,Sanitização de dados,apagamento seguro de dados,Phrase
[Pesquisa] Ecobraz — Coletas B2B,Sanitização de dados,eliminação segura de dados,Phrase
[Pesquisa] Ecobraz — Coletas B2B,Sanitização de dados,sanitização de hd,Phrase
[Pesquisa] Ecobraz — Coletas B2B,Sanitização de dados,wipe de dados,Phrase
[Pesquisa] Ecobraz — Coletas B2B,Destruição de dados e mídias,destruição de dados,Phrase
[Pesquisa] Ecobraz — Coletas B2B,Destruição de dados e mídias,destruição de hd,Phrase
[Pesquisa] Ecobraz — Coletas B2B,Destruição de dados e mídias,destruição de hds,Phrase
[Pesquisa] Ecobraz — Coletas B2B,Destruição de dados e mídias,destruição de mídias,Phrase
[Pesquisa] Ecobraz — Coletas B2B,Destruição de dados e mídias,destruição de discos rígidos,Phrase
[Pesquisa] Ecobraz — Coletas B2B,Destruição de dados e mídias,trituração de hd,Phrase
[Pesquisa] Ecobraz — Coletas B2B,Destruição de dados e mídias,destruição segura de hd,Phrase
[Pesquisa] Ecobraz — Coletas B2B,Destruição de dados e mídias,descarte de hd com dados,Phrase
[Pesquisa] Ecobraz — Coletas B2B,Destruição de dados e mídias,destruição de fitas lto,Phrase
[Pesquisa] Ecobraz — Coletas B2B,Data center e servidores,desmobilização de data center,Phrase
[Pesquisa] Ecobraz — Coletas B2B,Data center e servidores,descomissionamento de data center,Phrase
[Pesquisa] Ecobraz — Coletas B2B,Data center e servidores,desativação de data center,Phrase
[Pesquisa] Ecobraz — Coletas B2B,Data center e servidores,descarte de servidores,Phrase
[Pesquisa] Ecobraz — Coletas B2B,Data center e servidores,coleta de servidores usados,Phrase
[Pesquisa] Ecobraz — Coletas B2B,Data center e servidores,descarte de storage,Phrase
[Pesquisa] Ecobraz — Coletas B2B,Data center e servidores,descarte de nobreak,Phrase
[Pesquisa] Ecobraz — Coletas B2B,Data center e servidores,descarte de baterias de nobreak,Phrase
[Pesquisa] Ecobraz — Coletas B2B,Data center e servidores,descarte de equipamentos de telecom,Phrase
[Pesquisa] Ecobraz — Coletas B2B,Equipamentos hospitalares eletrônicos,descarte de equipamentos hospitalares,Phrase
[Pesquisa] Ecobraz — Coletas B2B,Equipamentos hospitalares eletrônicos,descarte de equipamentos médicos,Phrase
[Pesquisa] Ecobraz — Coletas B2B,Equipamentos hospitalares eletrônicos,descarte de equipamentos eletromédicos,Phrase
[Pesquisa] Ecobraz — Coletas B2B,Equipamentos hospitalares eletrônicos,coleta de equipamentos hospitalares,Phrase
[Pesquisa] Ecobraz — Coletas B2B,Equipamentos hospitalares eletrônicos,descarte de aparelhos hospitalares,Phrase
[Pesquisa] Ecobraz — Coletas B2B,Equipamentos hospitalares eletrônicos,desmobilização de equipamentos hospitalares,Phrase
[Pesquisa] Ecobraz — Coletas B2B,Equipamentos hospitalares eletrônicos,descarte de equipamentos de laboratório,Phrase
[Pesquisa] Ecobraz — Coletas B2B,Linha branca e eletrodomésticos — Lotes,descarte de eletrodomésticos,Phrase
[Pesquisa] Ecobraz — Coletas B2B,Linha branca e eletrodomésticos — Lotes,coleta de eletrodomésticos,Phrase
[Pesquisa] Ecobraz — Coletas B2B,Linha branca e eletrodomésticos — Lotes,coleta de eletrodomésticos usados,Phrase
[Pesquisa] Ecobraz — Coletas B2B,Linha branca e eletrodomésticos — Lotes,descarte de linha branca,Phrase
[Pesquisa] Ecobraz — Coletas B2B,Linha branca e eletrodomésticos — Lotes,descarte de geladeira,Phrase
[Pesquisa] Ecobraz — Coletas B2B,Linha branca e eletrodomésticos — Lotes,descarte de geladeiras,Phrase
[Pesquisa] Ecobraz — Coletas B2B,Linha branca e eletrodomésticos — Lotes,descarte de máquina de lavar,Phrase
[Pesquisa] Ecobraz — Coletas B2B,Linha branca e eletrodomésticos — Lotes,descarte de ar condicionado,Phrase
[Pesquisa] Ecobraz — Coletas B2B,Linha branca e eletrodomésticos — Lotes,coleta de geladeira usada,Phrase
[Pesquisa] Ecobraz — Coletas B2B,Logística reversa — Fabricantes,logística reversa de eletrônicos,Phrase
[Pesquisa] Ecobraz — Coletas B2B,Logística reversa — Fabricantes,logística reversa de eletroeletrônicos,Phrase
[Pesquisa] Ecobraz — Coletas B2B,Logística reversa — Fabricantes,empresa de logística reversa,Phrase
[Pesquisa] Ecobraz — Coletas B2B,Logística reversa — Fabricantes,logística reversa para fabricantes,Phrase
[Pesquisa] Ecobraz — Coletas B2B,Logística reversa — Fabricantes,logística reversa de eletrodomésticos,Phrase
[Pesquisa] Ecobraz — Coletas B2B,Logística reversa — Fabricantes,gerenciadora de logística reversa,Phrase
